tooltip_id,label,object,property
"L1-disp-pwr","L1 Power: %s","L1-disp-pwr","/fdm/jsbsim/systems/electrical/display/L1-pwr-switch"
"L1-disp-dim","L1 Brightness: %s","L1-disp-dim","sim/model/shuttle/controls/PFD/mode1"
"L1-disp-pwr","L2 Power: %s","L2-disp-pwr","/fdm/jsbsim/systems/electrical/display/L2-pwr-switch"
"L2-disp-dim","L2 Brightness: %s","L2-disp-dim","sim/model/shuttle/controls/PFD/mode2"
"C1-disp-pwr","C1 Power: %s","C1-disp-pwr","/fdm/jsbsim/systems/electrical/display/C1-pwr-switch"
"C1-disp-dim","C1 Brightness: %s","C1-disp-dim","sim/model/shuttle/controls/PFD/mode3"
"C2-disp-pwr","C2 Power: %s","C2-disp-pwr","/fdm/jsbsim/systems/electrical/display/C2-pwr-switch"
"C2-disp-dim","C2 Brightness: %s","C2-disp-dim","sim/model/shuttle/controls/PFD/mode4"
"C3-disp-pwr","C3 Power: %s","C3-disp-pwr","/fdm/jsbsim/systems/electrical/display/C3-pwr-switch"
"C3-disp-dim","C3 Brightness: %s","C3-disp-dim","sim/model/shuttle/controls/PFD/mode5"
"C4-disp-pwr","C4 Power: %s","C4-disp-pwr","/fdm/jsbsim/systems/electrical/display/C4-pwr-switch"
"C4-disp-dim","C4 Brightness: %s","C4-disp-dim","sim/model/shuttle/controls/PFD/mode6"
"C5-disp-pwr","C5 Power: %s","C5-disp-pwr","/fdm/jsbsim/systems/electrical/display/C5-pwr-switch"
"C5-disp-dim","C5 Brightness: %s","C5-disp-dim","sim/model/shuttle/controls/PFD/mode7"
"R1-disp-pwr","R1 Power: %s","R1-disp-pwr","/fdm/jsbsim/systems/electrical/display/R1-pwr-switch"
"R1-disp-dim","R1 Brightness: %s","R1-disp-dim","sim/model/shuttle/controls/PFD/mode8"
"R2-disp-pwr","R2 Power: %s","R2-disp-pwr","/fdm/jsbsim/systems/electrical/display/R2-pwr-switch"
"R2-disp-dim","R2 Brightness: %s","R2-disp-dim","sim/model/shuttle/controls/PFD/mode9"
"A6-disp-pwr","A6 Power: %s","A6-disp-pwr","/fdm/jsbsim/systems/electrical/display/A6-pwr-switch"
"A6-disp-dim","A6 Brightness: %s","A6-disp-dim","sim/model/shuttle/controls/PFD/mode10"
"R11-disp-pwr","R11 Power: %s","R11-disp-pwr","/fdm/jsbsim/systems/electrical/display/R11-pwr-switch"
"R11-disp-dim","R11 Brightness: %s","R11-disp-dim","sim/model/shuttle/controls/PFD/mode11"
"hud-pwr-cmd-switch","HUD Power: %s","hud-pwr-cmd-switch","/fdm/jsbsim/systems/electrical/hud/cmd-pwr-switch"
"hud-cmd-dim-knob","HUD Brightness: %3d%%","hud-cmd-dim-knob","/fdm/jsbsim/systems/light/hud-dim-cmd"
"hud-mode-cmd-switch","HUD Mode: %s","hud-mode-cmd-switch","/fdm/jsbsim/systems/hud/mode-switch-cdr"
"hud-mode-cmd-switch","HUD Brightness Mode: %s","hud-bright-cmd-switch","/fdm/jsbsim/systems/light/hud-bright-cmd"
"hud-pwr-plt-switch","HUD Power: %s","hud-pwr-plt-switch","/fdm/jsbsim/systems/electrical/hud/plt-pwr-switch"
"hud-plt-dim-knob","Hud Brightness: %3d%%","hud-plt-dim-knob","/fdm/jsbsim/systems/light/hud-dim-plt"
"hud-mode-plt-switch","HUD Mode: %s","hud-mode-plt-switch","/fdm/jsbsim/systems/hud/mode-switch-plt"
"hud-mode-plt-switch","HUD Brightness Mode: %s","hud-bright-plt-switch","/fdm/jsbsim/systems/light/hud-bright-plt"
"button-cmd-od-control-auto.001","Orbital DAP Control Auto","button_light_od_control_auto.001","/controls/shuttle/button_cmd_od_control_auto.001-ss"
"button-cmd-od-control-inrtl.001","Orbital DAP Control Inertial","button_light_od_control_inrtl.001","/controls/shuttle/button_cmd_od_control_inrtl.001-ss"
"button-cmd-od-control-lvlh.001","Orbital DAP Control LVLH","button_light_od_control_lvlh.001","/controls/shuttle/button_cmd_od_control_lvlh.001-ss"
"button-cmd-od-control-free.001","Orbital DAP Control Free","button_light_od_control_free.001","/controls/shuttle/button_cmd_od_control_free.001-ss"
"button-cmd-od-control-select-a.001","Orbital DAP Select A","button_light_od_select_a.001","/controls/shuttle/button_cmd_od_control_select_a.001-ss"
"button-cmd-od-control-select-b.001","Orbital DAP Select B","button_light_od_select_b.001","/controls/shuttle/button_cmd_od_control_select_b.001-ss"
"button-cmd-mm-xblank.001","Manual Mode Blank X","button-cmd-mm-xblank.001","/controls/shuttle/button_cmd_mm_xblank.001-ss"
"button-cmd-mm-lowz.001","Manual Mode Low Z","button_light_mm_lowz.001","/controls/shuttle/button_cmd_mm_lowz.001-ss"
"button-cmd-mm-highz.001","Manual Mode High Z","button_light_mm_highz.001","/controls/shuttle/button_cmd_mm_highz.001-ss"
"button-cmd-mm-x-norm.001","Translation X Norm","button_light_mm_x_norm.001","/controls/shuttle/button_cmd_mm_x_norm.001-ss"
"button-cmd-mm-x-pulse.001","Translation X Pulse","button_light_mm_x_pulse.001","/controls/shuttle/button_cmd_mm_x_pulse.001-ss"
"button-cmd-mm-y-norm.001","Translation Y Norm","button_light_mm_y_norm.001","/controls/shuttle/button_cmd_mm_y_norm.001-ss"
"button-cmd-mm-y-pulse.001","Translation Y Pulse","button_light_mm_y_pulse.001","/controls/shuttle/button_cmd_mm_y_pulse.001-ss"
"button-cmd-mm-z-norm.001","Translation Z Norm","button_light_mm_z_norm.001","/controls/shuttle/button_cmd_mm_z_norm.001-ss"
"button-cmd-mm-z-pulse.001","Translation Z Pulse","button_light_mm_z_pulse.001","/controls/shuttle/button_cmd_mm_z_pulse.001-ss"
"button-cmd-mm-pri.001","Rotation Primary","button_light_mm_pri.001","/controls/shuttle/button_cmd_mm_pri.001-ss"
"button-cmd-mm-alt.001","Rotation Alternate","button_light_mm_alt.001","/controls/shuttle/button_cmd_mm_alt.001-ss"
"button-cmd-mm-vern.001","Rotation Vernier","button_light_mm_vern.001","/controls/shuttle/button_cmd_mm_vern.001-ss"
"button-cmd-mm-roll-dr.001","Rotation Roll Disc Rate","button_light_mm_roll_dr.001","/controls/shuttle/button_cmd_mm_roll_dr.001-ss"
"button-cmd-mm-roll-pulse.001","Rotation Roll Pulse","button_light_mm_roll_pulse.001","/controls/shuttle/button_cmd_mm_roll_pulse.001-ss"
"button-cmd-mm-pitch-dr.001","Rotation Pitch Disc Rate","button_light_mm_pitch_dr.001","/controls/shuttle/button_cmd_mm_pitch_dr.001-ss"
"button-cmd-mm-pitch-pulse.001","Rotation Pitch Pulse","button_light_mm_pitch_pulse.001","/controls/shuttle/button_cmd_mm_pitch_pulse.001-ss"
"button-cmd-mm-yaw-dr.001"," Rotation Yaw Disc Rate","button_light_mm_yaw_dr.001","/controls/shuttle/button_cmd_mm_yaw_dr.001-ss"
"button-cmd-mm-yaw-pulse.001"," Rotation Yaw Pulse","button_light_mm_yaw_pulse.001","/controls/shuttle/button_cmd_mm_yaw_pulse.001-ss"
"A6-light-switch","Orbit Light Power: %s","A6-light-switch","/fdm/jsbsim/systems/light/cabinlight10-mode"
"A6-light-flood-r-knob","Light Brightness: %3d%%","A6-light-flood-r-knob","/fdm/jsbsim/systems/light/cabinlight10r-intensity"
"A6-light-panel-r-knob","Panel Brightness: %3d%%","A6-light-panel-r-knob","/fdm/jsbsim/systems/light/console-eff-norm-aft-panel-center"
"A6-light-instr-r-knob","Instrument Brightness: %3d%%","A6-light-instr-r-knob","/fdm/jsbsim/systems/light/console-eff-norm-aft-instrument-center"
"A6-light-numeric-r-knob","Numeric Brightness: %3d%%","A6-light-numeric-r-knob","/fdm/jsbsim/systems/light/console-eff-aft-numeric-norm"
"master-alarm-pbs","Press to Turn off Alarm","button_master-alarm_pbs","/controls/shuttle/button_master-alarm_pbs-ss"
"rms-pwr","RMS Power: %s","rms-pwr","/fdm/jsbsim/systems/rms/rms-power-switch"
"rms-pos","RMS Position: %s","rms-pos","/fdm/jsbsim/systems/rms/mpm-deploy-switch"
"rms-res","RMS Restraint: %s","rms-res","/fdm/jsbsim/systems/rms/mpm-release-switch"
"shldr-brace-rel","Brace Release: %s","shldr-brace-rel","/fdm/jsbsim/systems/rms/shoulder-brace-release-switch"
"param-sel-mode","Parameter Selection Mode: %s","param-sel-mode","/fdm/jsbsim/systems/rms/parameter-selection-mode"
"joint-sel-mode","Joint Selection Mode: %s","joint-sel-mode","/fdm/jsbsim/systems/rms/joint-sel-mode"
"direct-drive","Direct Drive: %s","direct-drive","/fdm/jsbsim/systems/rms/direct-drive-switch"
"drive-sel","Drive Selection: %s","drive-sel","/fdm/jsbsim/systems/rms/drive-selection-switch"
"drive-sel-exe","Drive Select Execute","drive-sel-exe-label","/fdm/jsbsim/systems/rms/drive-sel-exe"
"auto-seq","Auto Seq: %s","auto-seq","/fdm/jsbsim/systems/rms/auto-switch"
"rms-brakes","Brakes: %s","rms-brakes","/fdm/jsbsim/systems/rms/rms-brake-switch"
"rms-safing","Safing: %s","rms-safing","/fdm/jsbsim/systems/rms/rms-save-switch"
"rms-heater-a","RMS Heater A: %s","rms-heater-a","/fdm/jsbsim/systems/rms/thermal/port-heater-A-switch"
"rms-heater-b","RMS Heater B: %s","rms-heater-b","/fdm/jsbsim/systems/rms/thermal/port-heater-B-switch"
"guard-rms-pwr","RMS Power Cover: %s","guard-rms-pwr","/sim/model/panel/cover/guard-rms-pwr"
"guard-rms-pos","RMS Position Cover: %s","guard-rms-pos","/sim/model/panel/cover/guard-rms-pos"
"guard-rms-heater-a","RMS Heater Switch A Cover: %s","guard-rms-heater-a","/sim/model/panel/cover/guard-rms-heater-a"
"guard-rms-heater-b","RMS Heater Switch B Cover: %s","guard-rms-heater-b","/sim/model/panel/cover/guard-rms-heater-b"
"L9-light-switch","Aft Right Light Power: %s","L9-light-switch","/fdm/jsbsim/systems/light/cabinlight9-mode"
"L9-light-flood-r-knob","Light Brightness: %3d%%","L9-light-flood-r-knob","/fdm/jsbsim/systems/light/cabinlight9r-intensity"
"R10-light-switch","Aft Right Light Power: %s","R10-light-switch","/fdm/jsbsim/systems/light/cabinlight11-mode"
"R10-light-flood-r-knob","Light Brightness: %3d%%","R10-light-flood-r-knob","/fdm/jsbsim/systems/light/cabinlight11r-intensity"
"R10-light-panel-r-knob","Panel Brightness: %3d%%","R10-light-panel-r-knob","/fdm/jsbsim/systems/light/console-eff-norm-aft-panel-right"
"key_fault","FAULT","key_fault.002","/controls/shuttle/button_key_fault.002-ss"
"key_sys","SYS","key_sys.002","/controls/shuttle/button_key_sys.002-ss"
"key_msg","MSG","key_msg.002","/controls/shuttle/button_key_msg.002-ss"
"key_ack","ACK","key_ack.002","/controls/shuttle/button_key_ack.002-ss"
"key_gpc","GPC","key_gpc.002","/controls/shuttle/button_key_gpc.002-ss"
"key_a","A","key_a.002","/controls/shuttle/button_key_a.002-ss"
"key_b","B","key_b.002","/controls/shuttle/button_key_b.002-ss"
"key_c","C","key_c.002","/controls/shuttle/button_key_c.002-ss"
"key_io_rst","I/O RST","key_io_rst.002","/controls/shuttle/button_key_io_rst.002-ss"
"key_d","D","key_d.002","/controls/shuttle/button_key_d.002-ss"
"key_e","E","key_e.002","/controls/shuttle/button_key_e.002-ss"
"key_f","F","key_f.002","/controls/shuttle/button_key_f.002-ss"
"key_item","ITEM","key_item.002","/controls/shuttle/button_key_item.002-ss"
"key_1","1","key_1.002","/controls/shuttle/button_key_1.002-ss"
"key_2","2","key_2.002","/controls/shuttle/button_key_2.002-ss"
"key_3","3","key_3.002","/controls/shuttle/button_key_3.002-ss"
"key_exec","EXEC","key_exec.002","/controls/shuttle/button_key_exec.002-ss"
"key_4","4","key_4.002","/controls/shuttle/button_key_4.002-ss"
"key_5","5","key_5.002","/controls/shuttle/button_key_5.002-ss"
"key_6","6","key_6.002","/controls/shuttle/button_key_6.002-ss"
"key_ops","OPS","key_ops.002","/controls/shuttle/button_key_ops.002-ss"
"key_7","7","key_7.002","/controls/shuttle/button_key_7.002-ss"
"key_8","8","key_8.002","/controls/shuttle/button_key_8.002-ss"
"key_9","9","key_9.002","/controls/shuttle/button_key_9.002-ss"
"key_spec","SPEC","key_spec.002","/controls/shuttle/button_key_spec.002-ss"
"key_-","-","key_-.002","/controls/shuttle/button_key_-.002-ss"
"key_0","0","key_0.002","/controls/shuttle/button_key_0.002-ss"
"key_plus","+","key_plus.002","/controls/shuttle/button_key_plus.002-ss"
"key_rsm","RSM","key_rsm.002","/controls/shuttle/button_key_rsm.002-ss"
"key_clear","CLEAR","key_clear.002","/controls/shuttle/button_key_clear.002-ss"
"key_.",".","key_..002","/controls/shuttle/button_key_..002-ss"
"key_pro","PRO","key_pro.002","/controls/shuttle/button_key_pro.002-ss"
"ku-ant-ds","KU Antenna Direct Stow: %s","ku-ant-ds","/fdm/jsbsim/systems/mechanical/ku-antenna-direct-stow-switch"
"ku-ant-deploy","KU Antenna Deploy: %s","ku-ant-deploy","/fdm/jsbsim/systems/mechanical/ku-antenna-deploy-switch"
"pb-door-enable-sys1","Payload Bay Mechanical Power Sys 1: %s","pb-door-pwr-sys1","/fdm/jsbsim/systems/mechanical/pb-mechanical-sys1-pwr"
"pb-door-enable-sys2","Payload Bay Mechanical Power Sys 2: %s","pb-door-pwr-sys2","/fdm/jsbsim/systems/mechanical/pb-mechanical-sys2-pwr"
"pb-door-enable-sys1","Payload Bay Door Enable Sys 1: %s","pb-door-enable-sys1","/fdm/jsbsim/systems/mechanical/pb-door-sys1-enable"
"pb-door-enable-sys2","Payload Bay Door Enable Sys 2: %s","pb-door-enable-sys2","/fdm/jsbsim/systems/mechanical/pb-door-sys2-enable"
"pb-door-auto","Payload Bay Door Activate: %s","pb-door-auto","/fdm/jsbsim/systems/mechanical/pb-door-auto-switch"
"O4-light-knob","Light Brightness: %3d%%","O4-light-knob","/fdm/jsbsim/systems/light/cabinlight5-intensity"
"O6-light-switch","O6 Light Mode: %s","O6-light-switch","/fdm/jsbsim/systems/light/cabinlight6-mode"
"O6-light-knob","Light Brightness: %3d%%","O6-light-knob","/fdm/jsbsim/systems/light/cabinlight36r-intensity"
"O6-light-glare-switch","Left Glareshield Mode: %s","O6-light-glare-switch","/fdm/jsbsim/systems/light/cabinlight1-mode"
"O6-light-glare-knob","Light Brightness: %3d%%","O6-light-glare-knob","/fdm/jsbsim/systems/light/cabinlight1r-intensity"
"O6-light-panel-lc-knob","Panel Brightness: %3d%%","O6-light-panel-lc-knob","/fdm/jsbsim/systems/light/console-eff-norm-panel-left"
"O6-light-panel-ov-knob","Panel Brightness: %3d%%","O6-light-panel-ov-knob","/fdm/jsbsim/systems/light/console-eff-norm-overhead-left"
"O6-light-instr-lc-knob","Panel Brightness: %3d%%","O6-light-instr-lc-knob","/fdm/jsbsim/systems/light/console-eff-norm-inst-left"
"O6-light-instr-ov-knob","Instrument Brightness: %3d%%","O6-light-instr-ov-knob","/fdm/jsbsim/systems/light/console-eff-norm-instrument-overhead"
"O8-light-switch","O8 Light Mode: %s","O8-light-switch","/fdm/jsbsim/systems/light/cabinlight8-mode"
"O8-light-knob","Light Brightness: %3d%%","O8-light-knob","/fdm/jsbsim/systems/light/cabinlight47r-intensity"
"O8-light-glare-switch","Right Glareshield Mode: %s","O8-light-glare-switch","/fdm/jsbsim/systems/light/cabinlight2-mode"
"O8-light-glare-knob","Light Brightness: %3d%%","O8-light-glare-knob","/fdm/jsbsim/systems/light/cabinlight2r-intensity"
"O8-light-panel-r-knob","Panel Brightness: %3d%%","O8-light-panel-r-knob","/fdm/jsbsim/systems/light/console-eff-norm-panel-right"
"O8-light-panel-ov-knob","Panel Brightness: %3d%%","O8-light-panel-ov-knob","/fdm/jsbsim/systems/light/console-eff-norm-overhead-right"
"O8-light-instr-r-knob","Instrument Brightness: %3d%%","O8-light-instr-r-knob","/fdm/jsbsim/systems/light/console-eff-norm-instrument-right"
"O8-light-instr-num-knob","Instrument Brightness: %3d%%","O8-light-instr-num-knob","/fdm/jsbsim/systems/light/console-eff-numeric-intensity"
"O10-light-knob","Light Brightness: %3d%%","O10-light-knob","/fdm/jsbsim/systems/light/cabinlight8-intensity"
"crt1-pwr"," IDP CRT 1 Power: %s","crt1-pwr","/fdm/jsbsim/systems/dps/idp-power-status"
"crt1-maj-func","CRT1 Major Function Mode: %s","crt1-maj-func","/fdm/jsbsim/systems/dps/idp-function-switch"
"crt2-pwr"," IDP CRT 2 Power: %s","crt2-pwr","/fdm/jsbsim/systems/dps/idp-power-status[1]"
"crt2-maj-func","CRT2 Major Function Mode: %s","crt2-maj-func","/fdm/jsbsim/systems/dps/idp-function-switch[1]"
"crt3-pwr"," IDP CRT 3 Power: %s","crt3-pwr","/fdm/jsbsim/systems/dps/idp-power-status[2]"
"crt3-maj-func","CRT3 Major Function Mode: %s","crt3-maj-func","/fdm/jsbsim/systems/dps/idp-function-switch[2]"
"crtl-sel"," IDP Left CRT Select: %s","crtl-sel","/fdm/jsbsim/systems/dps/crtl-sel"
"crtr-sel"," IDP Rightt CRT Select: %s","crtr-sel","/fdm/jsbsim/systems/dps/crtr-sel"
"event-tmr-mode","Event Timer Mode: %s","event-tmr-mode","/fdm/jsbsim/systems/timer/event-tmr-mode"
"event-tmr-cntrl","Event Timer Control: %s","event-tmr-cntrl","/fdm/jsbsim/systems/timer/event-tmr-cntrl"
"event-tmr-set","Event Timer Set/Reset: %s","event-tmr-set","/fdm/jsbsim/systems/timer/event-tmr-set"
"timer1-set-up","Timer 1 Up: %s","timer1-set-up","/fdm/jsbsim/systems/timer/timer1-up"
"timer1-set-dn","Timer 1 Down: %s","timer1-set-dn","/fdm/jsbsim/systems/timer/timer1-dn"
"timer2-set-up","Timer 2 Up: %s","timer2-set-up","/fdm/jsbsim/systems/timer/timer2-up"
"timer2-set-dn","Timer 2 Down: %s","timer2-set-dn","/fdm/jsbsim/systems/timer/timer2-dn"
"timer3-set-up","Timer 3 Up: %s","timer3-set-up","/fdm/jsbsim/systems/timer/timer3-up"
"timer3-set-dn","Timer 3 Down: %s","timer3-set-dn","/fdm/jsbsim/systems/timer/timer3-dn"
"timer4-set-up","Timer 4 Up: %s","timer4-set-up","/fdm/jsbsim/systems/timer/timer4-up"
"timer4-set-dn","Timer 4 Down: %s","timer4-set-dn","/fdm/jsbsim/systems/timer/timer4-dn"
"fuel-cell-reac-vlv1","Fuel Cell Reac Valve 1: %s","fuel-cell-reac-vlv1","/fdm/jsbsim/systems/electrical/fc/reactant-valve-status"
"fuel-cell-reac-vlv2","Fuel Cell Reac Valve 2: %s","fuel-cell-reac-vlv2","/fdm/jsbsim/systems/electrical/fc[1]/reactant-valve-status"
"fuel-cell-reac-vlv3","Fuel Cell Reac Valve 3: %s","fuel-cell-reac-vlv3","/fdm/jsbsim/systems/electrical/fc[2]/reactant-valve-status"
"bfc-crt-display","BFC CRT Display: %s","bfc-crt-display","/fdm/jsbsim/systems/dps/bfs/display-switch"
"bfc-crt-select","BFC CRT Select: %s","bfc-crt-select","/fdm/jsbsim/systems/dps/bfs/crt-select-switch"
"bodyflap","Bodyflap: %s","bodyflap","/fdm/jsbsim/systems/fcs/bodyflap-manual-switch"
"air-data-probe-stow-left","Left Air Data Probe Stow: %s","air-data-probe-stow-left","/fdm/jsbsim/systems/navigation/air-data-stow-left-switch"
"air-data-probe-stow-right","Right Air Data Probe Stow: %s","air-data-probe-stow-right","/fdm/jsbsim/systems/navigation/air-data-stow-right-switch"
"main-eng-limit-shut-dn","Main Engine Limit Shutdown: %s","main-eng-limit-shut-dn","/fdm/jsbsim/systems/mps/limit-shutdown-enable"
"oms-eng-left","LefOMS Engine Arm: %s","oms-eng-left","/fdm/jsbsim/systems/oms-hardware/engine-left-arm-cmd"
"oms-eng-right","Right OMS Engine Arm: %s","oms-eng-right","/fdm/jsbsim/systems/oms-hardware/engine-right-arm-cmd"
"air-data-probe-left","Left Air Data Probe: %s","air-data-probe-left","/fdm/jsbsim/systems/navigation/air-data-deploy-left-switch"
"air-data-probe-right","Right Air Data Probe: %s","air-data-probe-right","/fdm/jsbsim/systems/navigation/air-data-deploy-right-switch"
"button_main_eng_sd_left","Shutdown Left Main Engine","button_light_main_eng_sd_left","/controls/shuttle/button_main_eng_sd_left-ss"
"button_main_eng_sd_center","Shutdown Center Main Engine","button_light_main_eng_sd_center","/controls/shuttle/button_main_eng_sd_center-ss"
"button_main_eng_sd_right","Shutdown Right Main Engine","button_light_main_eng_sd_right","/controls/shuttle/button_main_eng_sd_right-ss"
"button-cmd-od-control-auto","Orbital DAP Control Auto","button_light_od_control_auto","/controls/shuttle/button_cmd_od_control_auto-ss"
"button-cmd-od-control-inrtl","Orbital DAP Control Inertial","button_light_od_control_inrtl","/controls/shuttle/button_cmd_od_control_inrtl-ss"
"button-cmd-od-control-lvlh","Orbital DAP Control LVLH","button_light_od_control_lvlh","/controls/shuttle/button_cmd_od_control_lvlh-ss"
"button-cmd-od-control-free","Orbital DAP Control Free","button_light_od_control_free","/controls/shuttle/button_cmd_od_control_free-ss"
"button-cmd-od-control-select-a","Orbital DAP Select A","button_light_od_select_a","/controls/shuttle/button_cmd_od_control_select_a-ss"
"button-cmd-od-control-select-b","Orbital DAP Select B","button_light_od_select_b","/controls/shuttle/button_cmd_od_control_select_b-ss"
"button-cmd-mm-xblank","Manual Mode Blank X","button-cmd-mm-xblank","/controls/shuttle/button_cmd_mm_xblank-ss"
"button-cmd-mm-lowz","Manual Mode Low Z","button_light_mm_lowz","/controls/shuttle/button_cmd_mm_lowz-ss"
"button-cmd-mm-highz","Manual Mode High Z","button_light_mm_highz","/controls/shuttle/button_cmd_mm_highz-ss"
"button-cmd-mm-x-norm","Translation X Norm","button_light_mm_x_norm","/controls/shuttle/button_cmd_mm_x_norm-ss"
"button-cmd-mm-x-pulse","Translation X Pulse","button_light_mm_x_pulse","/controls/shuttle/button_cmd_mm_x_pulse-ss"
"button-cmd-mm-y-norm","Translation Y Norm","button_light_mm_y_norm","/controls/shuttle/button_cmd_mm_y_norm-ss"
"button-cmd-mm-y-pulse","Translation Y Pulse","button_light_mm_y_pulse","/controls/shuttle/button_cmd_mm_y_pulse-ss"
"button-cmd-mm-z-norm","Translation Z Norm","button_light_mm_z_norm","/controls/shuttle/button_cmd_mm_z_norm-ss"
"button-cmd-mm-z-pulse","Translation Z Pulse","button_light_mm_z_pulse","/controls/shuttle/button_cmd_mm_z_pulse-ss"
"button-cmd-mm-pri","Rotation Primary","button_light_mm_pri","/controls/shuttle/button_cmd_mm_pri-ss"
"button-cmd-mm-alt","Rotation Alternate","button_light_mm_alt","/controls/shuttle/button_cmd_mm_alt-ss"
"button-cmd-mm-vern","Rotation Vernier","button_light_mm_vern","/controls/shuttle/button_cmd_mm_vern-ss"
"button-cmd-mm-roll-dr","Rotation Roll Disc Rate","button_light_mm_roll_dr","/controls/shuttle/button_cmd_mm_roll_dr-ss"
"button-cmd-mm-roll-pulse","Rotation Roll Pulse","button_light_mm_roll_pulse","/controls/shuttle/button_cmd_mm_roll_pulse-ss"
"button-cmd-mm-pitch-dr","Rotation Pitch Disc Rate","button_light_mm_pitch_dr","/controls/shuttle/button_cmd_mm_pitch_dr-ss"
"button-cmd-mm-pitch-pulse","Rotation Pitch Pulse","button_light_mm_pitch_pulse","/controls/shuttle/button_cmd_mm_pitch_pulse-ss"
"button-cmd-mm-yaw-dr"," Rotation Yaw Disc Rate","button_light_mm_yaw_dr","/controls/shuttle/button_cmd_mm_yaw_dr-ss"
"button-cmd-mm-yaw-pulse"," Rotation Yaw Pulse","button_light_mm_yaw_pulse","/controls/shuttle/button_cmd_mm_yaw_pulse-ss"
"srb-sep","SRB Separation Mode: %s","srb-sep","/controls/shuttle/srb-separation-mode"
"button_srb_sep","Separate SRB's","button_light_srb_sep","/controls/shuttle/button_srb_sep-ss"
"et-sep","ET Separation Mode: %s","et-sep","/controls/shuttle/et-separation-mode"
"button_et_sep","Separate External Tank","button_light_et_sep","/controls/shuttle/button_et_sep-ss"
"sband-pm","SBand: %s","sband-pm","/fdm/jsbsim/systems/sband/sband-pm"
"cautio-warning-mode","Caution and Warning Mode Select: %s","caution-warning-mode","/fdm/jsbsim/systems/cws/cw-mode"
"main-eng-sd-left-cvr","Remove Cover","main-eng-sd-left-cvr","/sim/model/panel/cover/main-eng-sd-left-cvr"
"main-eng-sd-right-cvr","Remove Cover","main-eng-sd-right-cvr","/sim/model/panel/cover/main-eng-sd-right-cvr"
"main-eng-sd-ctr-cvr","Remove Cover","main-eng-sd-ctr-cvr","/sim/model/panel/cover/main-eng-sd-ctr-cvr"
"srb-sep-cvr","Remove Cover","srb-sep-cvr","/sim/model/panel/cover/srb-sep-cvr"
"et-sep-cvr","Remove Cover","et-sep-cvr","/sim/model/panel/cover/et-sep-cvr"
"air-data-probe-cvr","Remove Cover","air-data-probe-cvr","/sim/model/panel/cover/air-data-probe-cvr"
"remove-covers","Remove Cover","oms-arm-cvr","/sim/model/panel/cover/oms-arm-cvr"
"oms-arm-cvr","Remove Cover","oms-arm-cvr","/sim/model/panel/cover/oms-arm-cvr"
"man-sb-thrust-sel-cmd","Commander Man Speed Brake/Thrust Select: %s","man-sb-thrust-sel-cmd","/controls/shuttle/man-sb-thrust-select"
"man-sb-thrust-cmd","Commander Man Speed Brake/Thrust: %s","man-sb-thrust-sel-cmd","/fdm/jsbsim/fcs/throttle-cmd-norm[0]"
"man-sb-thrust-sel-plt","Pilot Man Speed Brake/Thrust Select: %s","man-sb-thrust-sel-plt","/controls/shuttle/man-sb-thrust-select"
"man-sb-thrust-plt","Pilot Man Speed Brake/Thrust: %s","man-sb-thrust-sel-plt","/fdm/jsbsim/fcs/throttle-cmd-norm[0]"
"button_bf_cmd","Body Flap Mode","button_light_bf_man_cmd","/controls/shuttle/button_bf_cmd-ss"
"button_sb_cmd","Speed Brake Mode","button_light_sb_man_cmd","/controls/shuttle/button_sb_cmd-ss"
"button_pitch_css_cmd","CSS Pitch: %s","button_light_pitch_css_cmd","/controls/shuttle/button_pitch_css_cmd-ss"
"button_pitch_auto_cmd","Auto Pitch: %s","button_light_pitch_auto_cmd","/controls/shuttle/button_pitch_auto_cmd-ss"
"button_roll-yaw_css_cmd","CSS Roll/Yaw: %s","button_light_roll-yaw_css_cmd","/controls/shuttle/button_roll-yaw_css_cmd-ss"
"button_roll-yaw_auto_cmd","Auto Roll/Yaw: %s","button_light_roll-yaw_auto_cmd","/controls/shuttle/button_roll-yaw_auto_cmd-ss"
"button_chute_arm_cmd","Arm Drag Chute","button_light_chute_arm_cmd","/controls/shuttle/button_chute_arm_cmd-ss"
"button_chute_dpy_cmd","Deploy Drag Chute","button_light_chute_dpy_cmd","/controls/shuttle/button_chute_dpy_cmd-ss"
"master-alarm-cmd","Press to Turn off Alarm","button_master-alarm_cmd","/controls/shuttle/button_master-alarm_cmd-ss"
"chute-arm-cmd-cvr","Remove Cover","chute-arm-cmd-cvr","/sim/model/panel/cover/chute-arm-cmd-cvr"
"chute-dpy-cmd-cvr","Remove Cover","chute-dpy-cmd-cvr","/sim/model/panel/cover/chute-dpy-cmd-cvr"
"button_chute_arm_plt","Arm Drag Chute","button_light_chute_arm_plt","/controls/shuttle/button_chute_arm_plt-ss"
"button_chute_dpy_plt","Deploy Drag Chute","button_light_chute_dpy_plt","/controls/shuttle/button_chute_dpy_plt-ss"
"button_chute_jett_cmd","Jettison Drag Chute","button_light_chute_jett_cmd","/controls/shuttle/button_chute_jett_cmd-ss"
"chute-arm-plt-cvr","Remove Cover","chute-arm-plt-cvr","/sim/model/panel/cover/chute-arm-plt-cvr"
"chute-dpy-plt-cvr","Remove Cover","chute-dpy-plt-cvr","/sim/model/panel/cover/chute-dpy-plt-cvr"
"chute-jett-cmd-cvr","Remove Cover","chute-jett-cmd-cvr","/sim/model/panel/cover/chute-jett-cmd-cvr"
"button_bf_plt","Body Flap Mode","button_light_bf_man_plt","/controls/shuttle/button_bf_plt-ss"
"button_sb_plt","Speed Brake Mode","button_light_sb_man_plt","/controls/shuttle/button_sb_plt-ss"
"button_pitch_plt_plt","CSS Pitch: %s","button_light_pitch_css_plt","/controls/shuttle/button_pitch_css_plt-ss"
"button_pitch_auto_plt","Auto Pitch: %s","button_light_pitch_auto_plt","/controls/shuttle/button_pitch_auto_plt-ss"
"button_roll-yaw_css_plt","CSS Roll/Yaw: %s","button_light_roll-yaw_css_plt","/controls/shuttle/button_roll-yaw_css_plt-ss"
"button_roll-yaw_auto_plt","Auto Roll/Yaw: %s","button_light_roll-yaw_auto_plt","/controls/shuttle/button_roll-yaw_auto_plt-ss"
"button_chute_jett_plt","Jettison Drag Chute","button_light_chute_jett_plt","/controls/shuttle/button_chute_jett_plt-ss"
"master-alarm-plt","Press to Turn off Alarm","button_master-alarm_plt","/controls/shuttle/button_master-alarm_plt-ss"
"chute-jett-plt-cvr","Remove Cover","chute-jett-plt-cvr","/sim/model/panel/cover/chute-jett-plt-cvr"
"bfc-engage","BFC Disengage: %s","bfc-engage","/fdm/jsbsim/systems/dps/bfs/disengage-switch"
"f6-att-ref","Attitude Reference","f6-att-ref","/fdm/jsbsim/systems/adi/att-ref-for-ss"
"adi-att-cmd","ADI Attitude: %s","adi-att-cmd","/fdm/jsbsim/systems/adi/attitude-select"
"adi-error-cmd","ADI Error Range Select: %s","adi-error-cmd","/fdm/jsbsim/systems/adi/error-range-select"
"adi-rate-cmd","ADI Rate Range Select: %s","adi-rate-cmd","/fdm/jsbsim/systems/adi/rate-range-select"
"button_landing_gear_arm_cmd","Arm Gear","button_light_landing_gear_arm_cmd","/controls/shuttle/button_landing_gear_arm_cmd-ss"
"button_landing_gear_down_cmd","Deploy Gear","button_light_landing_gear_down_cmd","/controls/shuttle/button_landing_gear_down_cmd-ss"
"abort-mode","Abort Mode: %s","abort-mode-switch","/fdm/jsbsim/systems/abort/abort-mode-switch"
"abort_cmd","Press to Abort","indicator_light_abort","/fdm/jsbsim/systems/abort/abort-cmd-ss"
"rdr-altm-cmd","Radar Altimeter: %s","rdr-altm-cmd","/fdm/jsbsim/systems/navigation/rdr-altm"
"flt-ctrl-pwr-cmd","Flight Controller Power: %s","flt-ctrl-pwr-cmd","/fdm/jsbsim/fcs/controller-power-cdr"
"hsi-source-select-cmd","HSI Source Select: %s","hsi-source-select-cmd","/fdm/jsbsim/systems/adi/hsi-source-select"
"hsi-unit-select-cmd","HSI Unit Select: %s","hsi-unit-select-cmd","/fdm/jsbsim/systems/adi/hsi-unit-select"
"air-data-select-cmd","Air Data Select: %s","air-data-cmd","/fdm/jsbsim/systems/adi/air-data-select"
"Hud-cover-cmd","Remove Cover","Hud-cmd","/controls/shuttle/Hud-cover-cmd-show"
"landing-gear-arm-cmd-cvr","Remove Cover","landing-gear-arm-cmd-cvr","/sim/model/panel/cover/landing-gear-arm-cmd-cvr"
"landing-gear-down-cmd-cvr","Remove Cover","landing-gear-down-cmd-cvr","/sim/model/panel/cover/landing-gear-down-cmd-cvr"
"landing-gear-arm-cmd-cvr","Remove Cover","landing-gear-arm-cmd-cvr","/sim/model/panel/cover/landing-gear-arm-cmd-cvr"
"bfc-engage-cvr","Open Cover","bfc-engage-cvr","/sim/model/panel/cover/bfc-engage-cvr"
"hsi-mode-select-cmd","HSI Mode Select: %s","hsi-mode-select-cmd","/fdm/jsbsim/systems/adi/hsi-mode-select"
"f8-att-ref","Attitude Reference","f8-att-ref","/fdm/jsbsim/systems/adi/att-ref-ss"
"adi-att-plt","ADI Attitude: %s","adi-att-plt","/fdm/jsbsim/systems/adi/attitude-select"
"adi-error-plt","ADI Error Range Select: %s","adi-error-plt","/fdm/jsbsim/systems/adi/error-range-select"
"adi-rate-plt","ADI Rate Range Select: %s","adi-rate-plt","/fdm/jsbsim/systems/adi/rate-range-select"
"button_landing_gear_arm_plt","Arm Gear","button_light_landing_gear_arm_plt","/controls/shuttle/button_landing_gear_arm_plt-ss"
"button_landing_gear_down_plt","Deploy Gear","button_light_landing_gear_down_plt","/controls/shuttle/button_landing_gear_down_plt-ss"
"rdr-altm-plt","Radar Altimeter: %s","rdr-altm-plt","/fdm/jsbsim/systems/navigation/rdr-altm"
"flt-ctrl-pwr-plt","Flight Controller Power: %s","flt-ctrl-pwr-plt","/fdm/jsbsim/fcs/controller-power-plt"
"hsi-source-select-plt","HSI Source Select: %s","hsi-source-select-plt","/fdm/jsbsim/systems/adi/hsi-source-select"
"hsi-unit-select-plt","HSI Unit Select: %s","hsi-unit-select-plt","/fdm/jsbsim/systems/adi/hsi-unit-select"
"air-data-select-plt","Air Data Select: %s","air-data-plt","/fdm/jsbsim/systems/adi/air-data-select"
"Hud-cover-plt","Remove Cover","Hud-plt","/controls/shuttle/Hud-cover-plt-show"
"landing-gear-arm-plt-cvr","Remove Cover","landing-gear-arm-plt-cvr","/sim/model/panel/cover/landing-gear-arm-plt-cvr"
"landing-gear-down-plt-cvr","Remove Cover","landing-gear-down-plt-cvr","/sim/model/panel/cover/landing-gear-down-plt-cvr"
"hsi-mode-select-plt","HSI Mode Select: %s","hsi-mode-select-plt","/fdm/jsbsim/systems/adi/hsi-mode-select"
"ac-dial","AC Selector: %s","ac-dial","/fdm/jsbsim/systems/electrical/gauges/ac-selector-knob"
"dc-dial","DC Selector: %s","dc-dial","/fdm/jsbsim/systems/electrical/gauges/dc-selector-knob"
"h2o-pump-l1","H2O Pump Loop 1: %s","h2o-pump-l1","/fdm/jsbsim/systems/atcs/water-pump-1-status"
"h2o-pump-l2","H2O Pump Loop 2: %s","h2o-pump-l2","/fdm/jsbsim/systems/atcs/water-pump-2-status"
"freon-pump-l1","Freon Pump Loop 1: %s","freon-pump-l1","/fdm/jsbsim/systems/atcs/freon-pump-1-status"
"freon-pump-l2","Freon Pump Loop 2: %s","freon-pump-l2","/fdm/jsbsim/systems/atcs/freon-pump-2-status"
"rad-out-temp","Radiator Out Temp: %s","rad-out-temp","/fdm/jsbsim/systems/atcs/out-temp-hi-status"
"rad-cont-loop1","Radiator Controller Loop 1: %s","rad-cont-loop1","/fdm/jsbsim/systems/atcs/rad-controller-1-status"
"rad-cont-loop2","Radiator Controller Loop 2: %s","rad-cont-loop2","/fdm/jsbsim/systems/atcs/rad-controller-2-status"
"rad-flow-bypass1","Radiator Flow 1: %s","rad-flow-bypass1","/fdm/jsbsim/systems/atcs/flow-bypass-1-status"
"rad-flow-bypass2","Radiator Flow 2: %s","rad-flow-bypass2","/fdm/jsbsim/systems/atcs/flow-bypass-2-status"
"flash-evap-cntrl-pria","Flash Evap Cntrl A: %s","flash-evap-cntrl-pria","/fdm/jsbsim/systems/atcs/fes-controller-A-status"
"flash-evap-cntrl-prib","Flash Evap Cntrl B: %s","flash-evap-cntrl-prib","/fdm/jsbsim/systems/atcs/fes-controller-B-status"
"flash-evap-cntrl-sec","Flash Evap Secondary: %s","flash-evap-cntrl-sec","/fdm/jsbsim/systems/atcs/fes-controller-sec-status"
"hi-load-evap-enable","Hi Load Evap: %s","hi-load-evap-enable","/fdm/jsbsim/systems/atcs/fes-hi-load-status"
"top-evap-heat-noz-l","Top Evap Heat Nozzle Left: %s","top-evap-heat-noz-l","/fdm/jsbsim/systems/atcs/fes-heater-left-status"
"top-evap-heat-noz-r","Top Evap Heat Nozzle Right: %s","top-evap-heat-noz-r","/fdm/jsbsim/systems/atcs/fes-heater-right-status"
"av-bay-1-fan-a","AV Bay 1 Fan A: %s","av-bay-1-fan-a","/fdm/jsbsim/systems/eclss/avbay[0]/fan-A-switch"
"av-bay-1-fan-b","AV Bay 1 Fan B: %s","av-bay-1-fan-b","/fdm/jsbsim/systems/eclss/avbay[0]/fan-B-switch"
"av-bay-2-fan-a","AV 2 Bay Fan A: %s","av-bay-2-fan-a","/fdm/jsbsim/systems/eclss/avbay[1]/fan-A-switch"
"av-bay-2-fan-b","AV Bay 2 Fan B: %s","av-bay-2-fan-b","/fdm/jsbsim/systems/eclss/avbay[1]/fan-B-switch"
"av-bay-3-fan-a","AV 3 Bay Fan A: %s","av-bay-3-fan-a","/fdm/jsbsim/systems/eclss/avbay[2]/fan-A-switch"
"av-bay-3-fan-b","AV Bay 3 Fan B: %s","av-bay-3-fan-b","/fdm/jsbsim/systems/eclss/avbay[2]/fan-B-switch"
"cabin-fan-a","Cabin Fan A: %s","cabin-fan-a","/fdm/jsbsim/systems/eclss/cabin/fan-A-switch"
"cabin-fan-b","Cabin Fan B: %s","cabin-fan-b","/fdm/jsbsim/systems/eclss/cabin/fan-B-switch"
"nh3-tk-a","NH3 Controller A: %s","nh3-tk-a","/fdm/jsbsim/systems/atcs/nh3-controller-A-switch"
"nh3-tk-b","NH3 Controller B: %s","nh3-tk-b","/fdm/jsbsim/systems/atcs/nh3-controller-B-switch"
"imu-fan-a","IMU Fan A: %s","imu-fan-a","/fdm/jsbsim/systems/eclss/avbay/imu-fan-A-switch"
"imu-fan-b","IMU Fan B: %s","imu-fan-b","/fdm/jsbsim/systems/eclss/avbay/imu-fan-B-switch"
"imu-fan-c","IMU Fan C: %s","imu-fan-c","/fdm/jsbsim/systems/eclss/avbay/imu-fan-C-switch"
"top-evap-heat","Topping Duct Heater: %s","top-evap-heat","/fdm/jsbsim/systems/atcs/topping-duct-heater-switch"
"hiload-evap-heat","Hi Load Heater: %s","hiload-evap-heat","/fdm/jsbsim/systems/atcs/hiload-duct-heater-switch"
"fire-sup-av-bay1","Fire Sup AV Bay 1: %s","fire-sup-av-bay1","/fdm/jsbsim/systems/fire-suppression/avbay-1-arm-switch"
"fire-sup-av-bay2","Fire Sup AV Bay 2: %s","fire-sup-av-bay2","/fdm/jsbsim/systems/fire-suppression/avbay-2-arm-switch"
"fire-sup-av-bay3","Fire Sup AV Bay 3: %s","fire-sup-av-bay3","/fdm/jsbsim/systems/fire-suppression/avbay-3-arm-switch"
"avbay-1-discharge","Discharge Fire Suppression AVBay 1","button_light_avbay-1-discharge","/controls/shuttle/button_fire_supp_avbay1-ss"
"avbay-2-discharge","Discharge Fire Suppression AVBay 2","button_light_avbay-2-discharge","/controls/shuttle/button_fire_supp_avbay2-ss"
"avbay-3-discharge","Discharge Fire Suppression AVBay 3","button_light_avbay-3-discharge","/controls/shuttle/button_fire_supp_avbay3-ss"
"sd-sensor-reset","Up to Reset","sd-sensor-reset","/fdm/jsbsim/systems/fire-suppression/sensor-reset-cmd"
"fs-bay1-safe-cvr","Remove Cover","fs-bay1-safe-cvr","/sim/model/panel/cover/fs-bay1-safe-cvr"
"fs-bay2-safe-cvr","Remove Cover","fs-bay2-safe-cvr","/sim/model/panel/cover/fs-bay2-safe-cvr"
"fs-bay3-safe-cvr","Remove Cover","fs-bay3-safe-cvr","/sim/model/panel/cover/fs-bay3-safe-cvr"
"flow-prop-vlv-loop1","Flow Prop Vlv Loop 1: %s","flow-prop-vlv-loop1","/fdm/jsbsim/systems/dummy/switch/flow-prop-vlv-loop1"
"flow-prop-vlv-loop2","Flow Prop Vlv Loop 2: %s","flow-prop-vlv-loop2","/fdm/jsbsim/systems/dummy/switch/flow-prop-vlv-loop2"
"sd-circuit-test","SDetect Circuit Test: %s","sd-circuit-test","/fdm/jsbsim/systems/dummy/switch/sd-circuit-test"
"remove-covers","Remove Cover","nh3-cntrl-tkb-cvr","/sim/model/panel/cover/L1-covers-visible"
"cabin-vent-valve","Cabin Vent Valve: %s","cabin-vent-valve","/fdm/jsbsim/systems/eclss/cabin/vent-valve"
"cabin-vent-isol-valve","Cabin Vent ISOL Valve: %s","cabin-vent-isol-valve","/fdm/jsbsim/systems/eclss/cabin/vent-isolation-valve"
"entry-mode","Entry Mode: %s","entry-mode","/fdm/jsbsim/systems/fcs/entry-mode-switch"
"o2-supply-sys1-valve","O2 Supply Sys1 Valve: %s","o2-supply-sys1-valve","/fdm/jsbsim/systems/eclss/oxygen/sys1-o2-supply-valve-status"
"o2-supply-sys2-valve","O2 Supply Sys2 Valve: %s","o2-supply-sys2-valve","/fdm/jsbsim/systems/eclss/oxygen/sys2-o2-supply-valve-status"
"o2-xovr-sys1-valve","O2 XOVR Sys1 Valve: %s","o2-xovr-sys1-valve","/fdm/jsbsim/systems/eclss/oxygen/sys1-o2-xovr-valve-status"
"o2-xovr-sys2-valve","O2 XOVR Sys2 Valve: %s","o2-xovr-sys2-valve","/fdm/jsbsim/systems/eclss/oxygen/sys2-o2-xovr-valve-status"
"n2-supply-sys1-valve","N2 Supply Sys1 Valve: %s","n2-supply-sys1-valve","/fdm/jsbsim/systems/eclss/nitrogen/sys1-n2-supply-valve-status"
"n2-supply-sys2-valve","N2 Supply Sys2 Valve: %s","n2-supply-sys2-valve","/fdm/jsbsim/systems/eclss/nitrogen/sys2-n2-supply-valve-status"
"n2-reg-inlet-sys1-valve","N2 Reg Inlet Sys1 Valve: %s","n2-reg-inlet-sys1-valve","/fdm/jsbsim/systems/eclss/nitrogen/sys1-n2-reg-inlet-valve-status"
"n2-reg-inlet-sys2-valve","N2 Reg Inlet Sys2 Valve: %s","n2-reg-inlet-sys2-valve","/fdm/jsbsim/systems/eclss/nitrogen/sys2-n2-reg-inlet-valve-status"
"o2-n2-control-sys1-valve","O2 N2 Control Sys1 Valve: %s","o2-n2-control-sys1-valve","/fdm/jsbsim/systems/eclss/nitrogen/sys1-o2-n2-cntrl-valve-status"
"o2-n2-control-sys2-valve","O2 N2 Control Sys2 Valve: %s","o2-n2-control-sys2-valve","/fdm/jsbsim/systems/eclss/nitrogen/sys2-o2-n2-cntrl-valve-status"
"feedline-htr-a","Flash Evaporator Feedline Heater A: %s","feedline-htr-a","/fdm/jsbsim/systems/atcs/fes-fdln-A-heater-status"
"feedline-htr-b","Flash Evaporator Feedline Heater B: %s","feedline-htr-b","/fdm/jsbsim/systems/atcs/fes-fdln-B-heater-status"
"fc0-valve","FC1 Reactant Valve: %s","fc0-valve","/fdm/jsbsim/systems/electrical/fc/reactant-valve-status-pos"
"fc1-valve","FC2 Reactant Valve: %s","fc1-valve","/fdm/jsbsim/systems/electrical/fc[1]/reactant-valve-status-pos"
"fc2-valve","FC3 Reactant Valve: %s","fc2-valve","/fdm/jsbsim/systems/electrical/fc[2]/reactant-valve-status-pos"
"fc0-start-cmd","FC1 Start/Stop: %s","fc0-start-cmd","/fdm/jsbsim/systems/electrical/fc/fc-start-cmd-pos"
"fc1-start-cmd","FC2 Start/Stop: %s","fc1-start-cmd","/fdm/jsbsim/systems/electrical/fc[1]/fc-start-cmd-pos"
"fc2-start-cmd","FC3 Start/Stop: %s","fc2-start-cmd","/fdm/jsbsim/systems/electrical/fc[2]/fc-start-cmd-pos"
"fc0-connector","FC Main Bus A: %s","fc0-connector","/fdm/jsbsim/systems/electrical/fc/bus-connector-status-pos"
"fc1-connector","FC Main Bus B: %s","fc1-connector","/fdm/jsbsim/systems/electrical/fc[1]/bus-connector-status-pos"
"fc2-connector","FC Main Bus C: %s","fc2-connector","/fdm/jsbsim/systems/electrical/fc[2]/bus-connector-status-pos"
"tie0-switch","Main Bus Tie A: %s","tie0-switch","/fdm/jsbsim/systems/electrical/bus/tie-switch-pos"
"tie1-switch","Main Bus Tie B: %s","tie1-switch","/fdm/jsbsim/systems/electrical/bus[1]/tie-switch-pos"
"tie2-switch","Main Bus Tie C: %s","tie2-switch","/fdm/jsbsim/systems/electrical/bus[2]/tie-switch-pos"
"inverter0-power-switch","AC Inverter Power 1: %s","inverter0-power-switch","/fdm/jsbsim/systems/electrical/ac/inverter-power-switch-pos"
"inverter1-power-switch","AC Inverter Power 2: %s","inverter1-power-switch","/fdm/jsbsim/systems/electrical/ac[1]/inverter-power-switch-pos"
"inverter2-power-switch","AC Inverter Power 3: %s","inverter2-power-switch","/fdm/jsbsim/systems/electrical/ac[2]/inverter-power-switch-pos"
"inv0-ac-switch","Inverter AC Bus 1: %s","inv0-ac-switch","/fdm/jsbsim/systems/electrical/ac/inv-ac-switch-pos"
"inv1-ac-switch","Inverter AC Bus 2: %s","inv1-ac-switch","/fdm/jsbsim/systems/electrical/ac[1]/inv-ac-switch-pos"
"inv2-ac-switch","Inverter AC Bus 3: %s","inv2-ac-switch","/fdm/jsbsim/systems/electrical/ac[2]/inv-ac-switch-pos"
"ac-bus-snsr1","AC Bus SNSR 1: %s","ac-bus-snsr1","/fdm/jsbsim/systems/electrical/ac/ac-bus-snsr"
"ac-bus-snsr2","AC Bus SNSR 2: %s","ac-bus-snsr2","/fdm/jsbsim/systems/electrical/ac[1]/ac-bus-snsr"
"ac-bus-snsr3","AC Bus SNSR 3: %s","ac-bus-snsr3","/fdm/jsbsim/systems/electrical/ac[2]/ac-bus-snsr"
"cont-bus-pwr-mn-a","Control Bus Pwr MN A: %s","cont-bus-pwr-mn-a","/fdm/jsbsim/systems/dummy/switch/cont-bus-pwr-mn-a"
"cont-bus-pwr-mn-b","Control Bus Pwr MN B: %s","cont-bus-pwr-mn-b","/fdm/jsbsim/systems/dummy/switch/cont-bus-pwr-mn-b"
"cont-bus-pwr-mn-c","Control Bus Pwr MN C: %s","cont-bus-pwr-mn-c","/fdm/jsbsim/systems/dummy/switch/cont-bus-pwr-mn-c"
"ac-cont-1a","AC Controller 1a DUMMY: %s","ac-cont-1a","/fdm/jsbsim/systems/electrical/ac/ac-cont-1a"
"ac-cont-1b","AC Controller 1b DUMMY: %s","ac-cont-1b","/fdm/jsbsim/systems/electrical/ac/ac-cont-1b"
"ac-cont-1c","AC Controller 1c DUMMY: %s","ac-cont-1c","/fdm/jsbsim/systems/electrical/ac/ac-cont-1c"
"ac-cont-2a","AC Controller 2a DUMMY: %s","ac-cont-2a","/fdm/jsbsim/systems/electrical/ac[1]/ac-cont-2a"
"ac-cont-2b","AC Controller 2b DUMMY: %s","ac-cont-2b","/fdm/jsbsim/systems/electrical/ac[1]/ac-cont-2b"
"ac-cont-2c","AC Controller 2c DUMMY: %s","ac-cont-2c","/fdm/jsbsim/systems/electrical/ac[1]/ac-cont-2c"
"ac-cont-3a","AC Controller 3a DUMMY: %s","ac-cont-3a","/fdm/jsbsim/systems/electrical/ac[2]/ac-cont-3a"
"ac-cont-3b","AC Controller 3b DUMMY: %s","ac-cont-3b","/fdm/jsbsim/systems/electrical/ac[2]/ac-cont-3b"
"ac-cont-3c","AC Controller 3c DUMMY: %s","ac-cont-3c","/fdm/jsbsim/systems/electrical/ac[2]/ac-cont-3c"
"ess-bus-src-fc1","ESS Bus Source FC1: %s","ess-bus-src-fc1","/fdm/jsbsim/systems/electrical/ess/ess-power-fc-switch"
"ess-bus-src-fc2","ESS Bus Source FC2: %s","ess-bus-src-fc2","/fdm/jsbsim/systems/electrical/ess[1]/ess-power-fc-switch"
"ess-bus-src-fc3","ESS Bus Source FC3: %s","ess-bus-src-fc3","/fdm/jsbsim/systems/electrical/ess[2]/ess-power-fc-switch"
"ess-bus-src-mn-bc","ESS Bus Source MN BC: %s","ess-bus-src-mn-bc","/fdm/jsbsim/systems/electrical/ess/ess-power-buses-switch"
"ess-bus-src-mn-ca","ESS Bus Source MN CA: %s","ess-bus-src-mn-ca","/fdm/jsbsim/systems/electrical/ess[1]/ess-power-buses-switch"
"ess-bus-src-mn-ab","ESS Bus Source MN AB: %s","ess-bus-src-mn-ab","/fdm/jsbsim/systems/electrical/ess[2]/ess-power-buses-switch"
"h2-man-valve-1","H2 Manifold Valve 1: %s","h2-man-valve-1","/fdm/jsbsim/systems/dummy/R1-panel-dummy/h2-man-valve-1-pos"
"h2-man-valve-2","H2 Manifold Valve 2: %s","h2-man-valve-2","/fdm/jsbsim/systems/dummy/R1-panel-dummy/h2-man-valve-2-pos"
"h2-tank1a-heat","H2 Tank 1A Heater: %s","h2-tank1a-heat","/fdm/jsbsim/systems/dummy/switch/h2-tank1a-heat"
"h2-tank1b-heat","H2 Tank 1B Heater: %s","h2-tank1b-heat","/fdm/jsbsim/systems/dummy/switch/h2-tank1b-heat"
"h2-tank2a-heat","H2 Tank 2A Heater: %s","h2-tank2a-heat","/fdm/jsbsim/systems/dummy/switch/h2-tank2a-heat"
"h2-tank2b-heat","H2 Tank 2B Heater: %s","h2-tank2b-heat","/fdm/jsbsim/systems/dummy/switch/h2-tank2b-heat"
"h2-tank3a-heat","H2 Tank 3A Heater: %s","h2-tank3a-heat","/fdm/jsbsim/systems/dummy/switch/h2-tank3a-heat"
"h2-tank3b-heat","H2 Tank 3B Heater: %s","h2-tank3b-heat","/fdm/jsbsim/systems/dummy/switch/h2-tank3b-heat"
"o2-man-valve-1","O2 Manifold Valve 1: %s","o2-man-valve-1","/fdm/jsbsim/systems/dummy/R1-panel-dummy/o2-man-valve-1-pos"
"o2-man-valve-2","O2 Manifold Valve 2: %s","o2-man-valve-2","/fdm/jsbsim/systems/dummy/R1-panel-dummy/o2-man-valve-2-pos"
"o2-tank1a-heat","O2 Tank 1A Heater: %s","o2-tank1a-heat","/fdm/jsbsim/systems/dummy/switch/o2-tank1a-heat"
"o2-tank1b-heat","O2 Tank 1B Heater: %s","o2-tank1b-heat","/fdm/jsbsim/systems/dummy/switch/o2-tank1b-heat"
"o2-tank2a-heat","O2 Tank 2A Heater: %s","o2-tank2a-heat","/fdm/jsbsim/systems/dummy/switch/o2-tank2a-heat"
"o2-tank2b-heat","O2 Tank 2B Heater: %s","o2-tank2b-heat","/fdm/jsbsim/systems/dummy/switch/o2-tank2b-heat"
"o2-tank3a-heat","O2 Tank 3A Heater: %s","o2-tank3a-heat","/fdm/jsbsim/systems/dummy/switch/o2-tank3a-heat"
"o2-tank3b-heat","O2 Tank 3B Heater: %s","o2-tank3b-heat","/fdm/jsbsim/systems/dummy/switch/o2-tank3b-heat"
"o2-tank1-r-t","O2 Tank 1 Reset/Test: %s","o2-tank1-r-t","/fdm/jsbsim/systems/dummy/switch/o2-tank1-r-t"
"o2-tank2-r-t","O2 Tank 2 Reset/Test: %s","o2-tank2-r-t","/fdm/jsbsim/systems/dummy/switch/o2-tank2-r-t"
"o2-tank3-r-t","O2 Tank 3 Reset/Test: %s","o2-tank3-r-t","/fdm/jsbsim/systems/dummy/switch/o2-tank3-r-t"
"pl-aft-mn-b","Payload AFT MN B: %s","pl-aft-mn-b","/fdm/jsbsim/systems/dummy/switch/pl-aft-mn-b"
"pl-aft-mn-c","Payload AFT MN C: %s","pl-aft-mn-c","/fdm/jsbsim/systems/dummy/switch/pl-aft-mn-c"
"pl-aux","Payload AUX: %s","pl-aux","/fdm/jsbsim/systems/dummy/switch/pl-aux"
"pl-cabin","Payload Cabin: %s","pl-cabin","/fdm/jsbsim/systems/dummy/switch/pl-cabin"
"pl-pri-fc3","Payload Primary FC3: %s","pl-pri-fc3","/fdm/jsbsim/systems/dummy/R1-panel-dummy/pl-pri-fc3-pos"
"pl-pri-mn-b","Payload Primary MN B: %s","pl-pri-mn-b","/fdm/jsbsim/systems/dummy/R1-panel-dummy/pl-pri-mn-b-pos"
"pl-pri-mn-c","Payload Primary MN C: %s","pl-pri-mn-c","/fdm/jsbsim/systems/dummy/R1-panel-dummy/pl-pri-mn-c-pos"
"remove-covers","Remove Cover","o2-tk3-heat-b-cvr","/sim/model/panel/cover/R1-covers-visible"
"prplt-dump-seq-start","Prplt Dump Seq: %s","prplt-dump-seq-start","/fdm/jsbsim/systems/mps/propellant-dump-cmd"
"prplt-dump-bkup-lh2-vlv","Backup LH2 Valve: %s","prplt-dump-bkup-lh2-vlv","/fdm/jsbsim/systems/mps/backup-LH2-valve-status"
"ctrl-pwr-sys-a-ac2-left","Sys A AC2 (Left): %s","ctrl-pwr-sys-a-ac2-left","/fdm/jsbsim/systems/mps/engine/controller-A-power-switch-status"
"ctrl-pwr-sys-a-ac1-ctr","Sys A AC1 (Ctr): %s","ctrl-pwr-sys-a-ac1-ctr","/fdm/jsbsim/systems/mps/engine[2]/controller-A-power-switch-status"
"ctrl-pwr-sys-a-ac3-right","Sys A AC3 (Right): %s","ctrl-pwr-sys-a-ac3-right","/fdm/jsbsim/systems/mps/engine[1]/controller-A-power-switch-status"
"ctrl-pwr-sys-b-ac3-left","Sys B AC3 (Left): %s","ctrl-pwr-sys-b-ac3-left","/fdm/jsbsim/systems/mps/engine/controller-B-power-switch-status"
"ctrl-pwr-sys-b-ac2-ctr","Sys B AC2 (Ctr): %s","ctrl-pwr-sys-b-ac2-ctr","/fdm/jsbsim/systems/mps/engine[2]/controller-B-power-switch-status"
"ctrl-pwr-sys-b-ac1-right","Sys B AC1 (Right): %s","ctrl-pwr-sys-b-ac1-right","/fdm/jsbsim/systems/mps/engine[1]/controller-B-power-switch-status"
"he-isol-a-left","He Isolation Valve A (Left): %s","he-isol-a-left","/fdm/jsbsim/systems/mps/engine/helium-isolation-valve-A-status"
"he-isol-a-ctr","He Isolation Valve A (Center): %s","he-isol-a-ctr","/fdm/jsbsim/systems/mps/engine[2]/helium-isolation-valve-A-status"
"he-isol-a-right","He Isolation Valve A (Right): %s","he-isol-a-right","/fdm/jsbsim/systems/mps/engine[1]/helium-isolation-valve-A-status"
"he-isol-b-left","He Isolation Valve B (Left): %s","he-isol-b-left","/fdm/jsbsim/systems/mps/engine/helium-isolation-valve-B-status"
"he-isol-b-ctr","He Isolation Valve B (Center): %s","he-isol-b-ctr","/fdm/jsbsim/systems/mps/engine[2]/helium-isolation-valve-B-status"
"he-isol-b-right","He Isolation Valve B (Right): %s","he-isol-b-right","/fdm/jsbsim/systems/mps/engine[1]/helium-isolation-valve-B-status"
"he-xovr","He XOVR: %s","he-xovr","/fdm/jsbsim/systems/mps/helium-isolation-valve-Px-status"
"he-isol","He Isolation: %s","he-isol","/fdm/jsbsim/systems/mps/helium-isolation-valve-P-status"
"he-inter-cnct-left","He Interconnect (Left): %s","he-inter-cnct-left","/fdm/jsbsim/systems/mps/engine[0]/helium-interconnect-valve-status"
"he-inter-cnct-ctr","He Interconnect (Center): %s","he-inter-cnct-ctr","/fdm/jsbsim/systems/mps/engine[2]/helium-interconnect-valve-status"
"he-inter-cnct-right","He Interconnect (Right): %s","he-inter-cnct-right","/fdm/jsbsim/systems/mps/engine[1]/helium-interconnect-valve-status"
"apu-operate-1","APU Operate(Left): %s","apu-operate-1","/fdm/jsbsim/systems/apu/apu/apu-operate"
"apu-operate-2","APU Operate(Center): %s","apu-operate-2","/fdm/jsbsim/systems/apu/apu[1]/apu-operate"
"apu-operate-3","APU Operate(Right): %s","apu-operate-3","/fdm/jsbsim/systems/apu/apu[2]/apu-operate"
"apu-speed-sel-1","APU Speed Select 1: %s","apu-speed-sel-1","/fdm/jsbsim/systems/apu/apu/apu-speed-select"
"apu-speed-sel-2","APU Speed Select 2: %s","apu-speed-sel-2","/fdm/jsbsim/systems/apu/apu[1]/apu-speed-select"
"apu-speed-sel-3","APU Speed Select 3: %s","apu-speed-sel-3","/fdm/jsbsim/systems/apu/apu[2]/apu-speed-select"
"hyd-main-pump-press-1","Hydraulic Pressure Select 1: %s","hyd-main-pump-press-1","/fdm/jsbsim/systems/apu/apu/hyd-pump-pressure-select"
"hyd-main-pump-press-2","Hydraulic Pressure Select 2: %s","hyd-main-pump-press-2","/fdm/jsbsim/systems/apu/apu[1]/hyd-pump-pressure-select"
"hyd-main-pump-press-3","Hydraulic Pressure Select 3: %s","hyd-main-pump-press-3","/fdm/jsbsim/systems/apu/apu[2]/hyd-pump-pressure-select"
"apu-ctrl-pwr-1","APU Controller Pwr 1: %s","apu-ctrl-pwr-1","/fdm/jsbsim/systems/apu/apu/apu-controller-power"
"apu-ctrl-pwr-2","APU Controller pwr 2: %s","apu-ctrl-pwr-2","/fdm/jsbsim/systems/apu/apu[1]/apu-controller-power"
"apu-ctrl-pwr-3","APU Controller Pwr 3: %s","apu-ctrl-pwr-3","/fdm/jsbsim/systems/apu/apu[2]/apu-controller-power"
"hyd-circ-pump-1","Hydraulic Circ Pump 1: %s","hyd-circ-pump-1","/fdm/jsbsim/systems/apu/apu/hyd-circ-pump-cmd"
"hyd-circ-pump-2","Hydraulic Circ Pump 2: %s","hyd-circ-pump-2","/fdm/jsbsim/systems/apu/apu[1]/hyd-circ-pump-cmd"
"hyd-circ-pump-3","Hydraulic Circ Pump 3: %s","hyd-circ-pump-3","/fdm/jsbsim/systems/apu/apu[2]/hyd-circ-pump-cmd"
"apu-fuel-tk-vlv-1","APU Fuel Tank Valve 1: %s","apu-fuel-tk-vlv-1","/fdm/jsbsim/systems/apu/apu/fuel-valve-status"
"apu-fuel-tk-vlv-2","APU Fuel Tank Valve 2: %s","apu-fuel-tk-vlv-2","/fdm/jsbsim/systems/apu/apu[1]/fuel-valve-status"
"apu-fuel-tk-vlv-3","APU Fuel Tank Valve 3: %s","apu-fuel-tk-vlv-3","/fdm/jsbsim/systems/apu/apu[2]/fuel-valve-status"
"boiler-cntrl-htr-1","APU Boiler Controller Heater 1: %s","boiler-cntrl-htr-1","/fdm/jsbsim/systems/apu/apu/boiler-heater-status"
"boiler-cntrl-htr-2","APU Boiler Controller Heater 2: %s","boiler-cntrl-htr-2","/fdm/jsbsim/systems/apu/apu[1]/boiler-heater-status"
"boiler-cntrl-htr-3","APU Boiler Controller Heater 3: %s","boiler-cntrl-htr-3","/fdm/jsbsim/systems/apu/apu[2]/boiler-heater-status"
"boiler-cntrl-pwr-1","APU Boiler Controller Power 1: %s","boiler-cntrl-pwr-1","/fdm/jsbsim/systems/apu/apu/boiler-power-status"
"boiler-cntrl-pwr-2","APU Boiler Controller Power 2: %s","boiler-cntrl-pwr-2","/fdm/jsbsim/systems/apu/apu[1]/boiler-power-status"
"boiler-cntrl-pwr-3","APU Boiler Controller Power 3: %s","boiler-cntrl-pwr-3","/fdm/jsbsim/systems/apu/apu[2]/boiler-power-status"
"boiler-n2-supply-1","APU Boiler N2 Supply 1: %s","boiler-n2-supply-1","/fdm/jsbsim/systems/apu/apu/boiler-N2-valve-status"
"boiler-n2-supply-2","APU Boiler N2 Supply 2: %s","boiler-n2-supply-2","/fdm/jsbsim/systems/apu/apu[1]/boiler-N2-valve-status"
"boiler-n2-supply-3","APU Boiler N2 Supply 3: %s","boiler-n2-supply-3","/fdm/jsbsim/systems/apu/apu[2]/boiler-N2-valve-status"
"et-umbilical-door-mode-switch","ET Umbilical Door Mode: %s","et-umbilical-door-mode-switch","/fdm/jsbsim/systems/mechanical/et-umbilical-door-mode"
"et-umbilical-door-centerline","ET Umbilical Door Centerline Latch: %s","et-umbilical-door-centerline","/fdm/jsbsim/systems/mechanical/et-door-cl-latch-cmd"
"et-umbilical-door-left","ET Umbilical Door Left: %s","et-umbilical-door-left","/fdm/jsbsim/systems/mechanical/et-door-left-cmd"
"et-umbilical-latch-left","ET Umbilical Door Latch Left: %s","et-umbilical-latch-left","/fdm/jsbsim/systems/mechanical/et-door-left-latch-cmd"
"et-umbilical-door-right","ET Umbilical Door Right: %s","et-umbilical-door-right","/fdm/jsbsim/systems/mechanical/et-door-right-cmd"
"et-umbilical-latch-right","ET Umbilical Door Latch Right: %s","et-umbilical-latch-right","/fdm/jsbsim/systems/mechanical/et-door-right-latch-cmd"
"remove-covers","Remove Cover","apu-oper-3-cvr","/sim/model/panel/cover/R2-covers-visible"
"brake-iso-vlv-sys1","Brake Isol Valve Cntrl Sys1: %s","brake-iso-vlv-sys1","/fdm/jsbsim/systems/landing/brake-isolation-valve-1-status"
"brake-iso-vlv-sys2","Brake Isol Valve Cntrl Sys2: %s","brake-iso-vlv-sys2","/fdm/jsbsim/systems/landing/brake-isolation-valve-2-status"
"brake-iso-vlv-sys3","Brake Isol Valve Cntrl Sys3: %s","brake-iso-vlv-sys3","/fdm/jsbsim/systems/landing/brake-isolation-valve-3-status"
"tvc-iso-vlv-sys1","MPS/TVC Isol Valve Cntrl Sys1: %s","tvc-iso-vlv-sys1","/fdm/jsbsim/systems/apu/apu/tvc-isolation-valve-status"
"tvc-iso-vlv-sys2","MPS/TVC Isol Valve Cntrl Sys2: %s","tvc-iso-vlv-sys2","/fdm/jsbsim/systems/apu/apu[1]/tvc-isolation-valve-status"
"tvc-iso-vlv-sys3","MPS/TVC Isol Valve Cntrl Sys3: %s","tvc-iso-vlv-sys3","/fdm/jsbsim/systems/apu/apu[2]/tvc-isolation-valve-status"
"lh2-man-press","MPS Manifold Press Valve Cntrl LH2: %s","lh2-man-press","/fdm/jsbsim/systems/mps/LH2-manifold-valve-status"
"lo2-man-press","MPS Manifold Press Valve Cntrl LO2: %s","lo2-man-press","/fdm/jsbsim/systems/mps/LO2-manifold-valve-status"
"lo2-outboard","Prop F/D Valves LO2 Outboard: %s","lo2-outboard","/fdm/jsbsim/systems/propellant/LO2-outboard-status"
"lo2-inboard","Prop F/D Valves LO2 Inboard: %s","lo2-inboard","/fdm/jsbsim/systems/propellant/LO2-inboard-status"
"lh2-outboard","Prop F/D Valves LH2 Outboard: %s","lh2-outboard","/fdm/jsbsim/systems/propellant/LH2-outboard-status"
"lh2-inboard","Prop F/D Valves LH2 Inboard: %s","lh2-inboard","/fdm/jsbsim/systems/propellant/LH2-inboard-status"
"lo2-left-prevlv","LO2 Left Prevalve: %s","lo2-left-prevlv","/fdm/jsbsim/systems/propellant/LO2-left-prevalve-status"
"lo2-center-prevlv","LO2 Center Prevalve: %s","lo2-center-prevlv","/fdm/jsbsim/systems/propellant/LO2-center-prevalve-status"
"lo2-right-prevlv","LO2 Right Prevalve: %s","lo2-right-prevlv","/fdm/jsbsim/systems/propellant/LO2-right-prevalve-status"
"lh2-left-prevlv","LH2 Left Prevalve: %s","lh2-left-prevlv","/fdm/jsbsim/systems/propellant/LH2-left-prevalve-status"
"lh2-center-prevlv","LH2 Center Prevalve: %s","lh2-center-prevlv","/fdm/jsbsim/systems/propellant/LH2-center-prevalve-status"
"lh2-right-prevlv","LH2 Right Prevalve: %s","lh2-right-prevlv","/fdm/jsbsim/systems/propellant/LH2-right-prevalve-status"
"key_fault","FAULT","key_fault","/controls/shuttle/button_key_fault-ss"
"key_sys","SYS","key_sys","/controls/shuttle/button_key_sys-ss"
"key_msg","MSG","key_msg","/controls/shuttle/button_key_msg-ss"
"key_ack","ACK","key_ack","/controls/shuttle/button_key_ack-ss"
"key_gpc","GPC","key_gpc","/controls/shuttle/button_key_gpc-ss"
"key_a","A","key_a","/controls/shuttle/button_key_a-ss"
"key_b","B","key_b","/controls/shuttle/button_key_b-ss"
"key_c","C","key_c","/controls/shuttle/button_key_c-ss"
"key_io_rst","I/O RST","key_io_rst","/controls/shuttle/button_key_io_rst-ss"
"key_d","D","key_d","/controls/shuttle/button_key_d-ss"
"key_e","E","key_e","/controls/shuttle/button_key_e-ss"
"key_f","F","key_f","/controls/shuttle/button_key_f-ss"
"key_item","ITEM","key_item","/controls/shuttle/button_key_item-ss"
"key_1","1","key_1","/controls/shuttle/button_key_1-ss"
"key_2","2","key_2","/controls/shuttle/button_key_2-ss"
"key_3","3","key_3","/controls/shuttle/button_key_3-ss"
"key_exec","EXEC","key_exec","/controls/shuttle/button_key_exec-ss"
"key_4","4","key_4","/controls/shuttle/button_key_4-ss"
"key_5","5","key_5","/controls/shuttle/button_key_5-ss"
"key_6","6","key_6","/controls/shuttle/button_key_6-ss"
"key_ops","OPS","key_ops","/controls/shuttle/button_key_ops-ss"
"key_7","7","key_7","/controls/shuttle/button_key_7-ss"
"key_8","8","key_8","/controls/shuttle/button_key_8-ss"
"key_9","9","key_9","/controls/shuttle/button_key_9-ss"
"key_spec","SPEC","key_spec","/controls/shuttle/button_key_spec-ss"
"key_-","-","key_-","/controls/shuttle/button_key_--ss"
"key_0","0","key_0","/controls/shuttle/button_key_0-ss"
"key_plus","+","key_plus","/controls/shuttle/button_key_plus-ss"
"key_rsm","RSM","key_rsm","/controls/shuttle/button_key_rsm-ss"
"key_clear","CLEAR","key_clear","/controls/shuttle/button_key_clear-ss"
"key_.",".","key_.","/controls/shuttle/button_key_.-ss"
"key_pro","PRO","key_pro","/controls/shuttle/button_key_pro-ss"
"key_fault","FAULT","key_fault.001","/controls/shuttle/button_key_fault.001-ss"
"key_sys","SYS","key_sys.001","/controls/shuttle/button_key_sys.001-ss"
"key_msg","MSG","key_msg.001","/controls/shuttle/button_key_msg.001-ss"
"key_ack","ACK","key_ack.001","/controls/shuttle/button_key_ack.001-ss"
"key_gpc","GPC","key_gpc.001","/controls/shuttle/button_key_gpc.001-ss"
"key_a","A","key_a.001","/controls/shuttle/button_key_a.001-ss"
"key_b","B","key_b.001","/controls/shuttle/button_key_b.001-ss"
"key_c","C","key_c.001","/controls/shuttle/button_key_c.001-ss"
"key_io_rst","I/O RST","key_io_rst.001","/controls/shuttle/button_key_io_rst.001-ss"
"key_d","D","key_d.001","/controls/shuttle/button_key_d.001-ss"
"key_e","E","key_e.001","/controls/shuttle/button_key_e.001-ss"
"key_f","F","key_f.001","/controls/shuttle/button_key_f.001-ss"
"key_item","ITEM","key_item.001","/controls/shuttle/button_key_item.001-ss"
"key_1","1","key_1.001","/controls/shuttle/button_key_1.001-ss"
"key_2","2","key_2.001","/controls/shuttle/button_key_2.001-ss"
"key_3","3","key_3.001","/controls/shuttle/button_key_3.001-ss"
"key_exec","EXEC","key_exec.001","/controls/shuttle/button_key_exec.001-ss"
"key_4","4","key_4.001","/controls/shuttle/button_key_4.001-ss"
"key_5","5","key_5.001","/controls/shuttle/button_key_5.001-ss"
"key_6","6","key_6.001","/controls/shuttle/button_key_6.001-ss"
"key_ops","OPS","key_ops.001","/controls/shuttle/button_key_ops.001-ss"
"key_7","7","key_7.001","/controls/shuttle/button_key_7.001-ss"
"key_8","8","key_8.001","/controls/shuttle/button_key_8.001-ss"
"key_9","9","key_9.001","/controls/shuttle/button_key_9.001-ss"
"key_spec","SPEC","key_spec.001","/controls/shuttle/button_key_spec.001-ss"
"key_-","-","key_-.001","/controls/shuttle/button_key_-.001-ss"
"key_0","0","key_0.001","/controls/shuttle/button_key_0.001-ss"
"key_plus","+","key_plus.001","/controls/shuttle/button_key_plus.001-ss"
"key_rsm","RSM","key_rsm.001","/controls/shuttle/button_key_rsm.001-ss"
"key_clear","CLEAR","key_clear.001","/controls/shuttle/button_key_clear.001-ss"
"key_.",".","key_..001","/controls/shuttle/button_key_..001-ss"
"key_pro","PRO","key_pro.001","/controls/shuttle/button_key_pro.001-ss"
"coas-pwr-for","Forward COAS Power: %s","coas-pwr-for","/fdm/jsbsim/systems/electrical/hud/coas-pwr-fwd-switch"
"coas-pwr-aft","Aft COAS Power: %s","coas-pwr-aft","/fdm/jsbsim/systems/electrical/hud/coas-pwr-aft-switch"
